单词,出现频率
the,27
of,24
for,23
and,20
a,18
to,17
on,13
A,12
Python,12
in,12
Surprise,10
with,10
as,9
C,8
doi,8
systems,7
is,7
In,7
S,7
library,6
recommender,6
prediction,6
from,6
algorithms,6
SVD,6
M,6
Systems,6
Recommender,5
users,5
or,5
learn,5
et,5
al,5
are,5
also,5
cross,5
https,5
org,5
Fold,5
pp,5
Hug,4
Data,4
Science,4
New,4
joss,4
Software,4
recommendation,4
rating,4
scikit,4
API,4
factorization,4
model,4
Kula,4
algorithm,4
N,4
Journal,4
MAE,4
RMSE,4
L,4
D,4
Computing,4
G,4
Proceedings,4
ACM,4
Conference,4
J,4
York,3
dataset,3
user,3
Pedregosa,3
be,3
learning,3
others,3
based,3
algo,3
well,3
matrix,3
like,3
tools,3
validation,3
selection,3
search,3
can,3
datasets,3
by,3
data,3
Walt,3
Varoquaux,3
Smith,3
implicit,3
Open,3
Source,3
Mean,3
surprise,3
import,3
Vol,3
The,3
F,3
Machine,3
Learning,3
th,3
License,2
International,2
list,2
that,2
service,2
example,2
its,2
item,2
which,2
numerical,2
ratings,2
all,2
It,2
was,2
designed,2
Buitinck,2
machine,2
such,2
Aggarwal,2
Koren,2
Bell,2
Volinsky,2
Lee,2
Seung,2
built,2
hyper,2
parameter,2
simple,2
Harper,2
Konstan,2
but,2
McKinney,2
mainly,2
Cython,2
Behnel,2
numpy,2
Colbert,2
who,2
thanks,2
LibRec,2
Guo,2
Zhang,2
Sun,2
Yorke,2
n,2
d,2
Java,2
MyMediaLite,2
Gantner,2
Rendle,2
Freudenthaler,2
Schmidt,2
Thieme,2
OpenRec,2
Yang,2
Bagdasaryan,2
Gruenstein,2
Hsieh,2
Estrin,2
Spotlight,2
best,2
github,2
com,2
load,2
split,2
it,2
Error,2
Dataset,2
validate,2
k,2
time,2
software,2
design,2
R,2
K,2
Engineering,2
MCSE,2
Blondel,2
Grisel,2
O,2
V,2
Workshop,2
Mining,2
Z,2
Library,2
RecSys,2
Eds,2
CEUR,2
Algorithms,2
van,2
der,2
Nicolas,1
Columbia,1
University,1
Institute,1
City,1
United,1
States,1
America,1
DOI,1
Review,1
Repository,1
Archive,1
Editor,1
Yuan,1
Tang,1
Reviewers,1
sara,1
ejhigson,1
Submitted,1
March,1
Published,1
August,1
Authors,1
papers,1
retain,1
copyright,1
release,1
work,1
under,1
Creative,1
Commons,1
Attribution,1
CC,1
BY,1
Summary,1
aim,1
at,1
providing,1
recommendations,1
items,1
offers,1
For,1
video,1
streaming,1
will,1
typically,1
rely,1
system,1
propose,1
personalized,1
movies,1
series,1
each,1
typical,1
problem,1
given,1
an,1
incomplete,1
interations,1
take,1
form,1
e,1
g,1
scale,1
goal,1
predict,1
missing,1
remaining,1
pairs,1
building,1
analyzing,1
closely,1
follow,1
should,1
familiar,1
acquainted,1
ecosystem,1
provides,1
collection,1
estimators,1
Among,1
classical,1
implemented,1
main,1
similarity,1
rithms,1
NMF,1
supports,1
evaluation,1
iterators,1
metrics,1
la,1
automatic,1
namely,1
grid,1
randomized,1
Thanks,1
primitives,1
light,1
implement,1
their,1
own,1
technique,1
minimal,1
amount,1
code,1
Classical,1
MovieLens,1
directly,1
available,1
package,1
defined,1
supported,1
either,1
loading,1
csv,1
files,1
using,1
pandas,1
dataframes,1
written,1
while,1
computationally,1
intensive,1
parts,1
optimized,1
Internally,1
relies,1
structures,1
dictionaries,1
arrays,1
useful,1
researchers,1
want,1
quickly,1
explore,1
new,1
rec,1
ommendation,1
ideas,1
supporting,1
creation,1
custom,1
serve,1
resource,1
students,1
less,1
experienced,1
detailed,1
documentation,1
Other,1
popular,1
libraries,1
similar,1
functionalities,1
include,1
support,1
neural,1
network,1
inspired,1
specialized,1
feedback,1
LightFM,1
implements,1
hybrid,1
To,1
our,1
knowledge,1
only,1
provide,1
focus,1
explicit,1
benfred,1
Example,1
Here,1
showing,1
how,1
down,1
into,1
five,1
folds,1
compute,1
Average,1
Root,1
Squared,1
Load,1
movielens,1
download,1
if,1
needed,1
builtin,1
ml,1
Use,1
famous,1
default,1
parameters,1
Run,1
fold,1
print,1
results,1
They,1
returned,1
measures,1
cv,1
verbose,1
True,1
printed,1
output,1
Evaluating,1
s,1
Std,1
Fit,1
Test,1
Acknowledgements,1
We,1
grateful,1
people,1
have,1
contributed,1
special,1
Maher,1
Malaeb,1
David,1
Stevens,1
searches,1
Lauriane,1
Ducasse,1
logo,1
References,1
Springer,1
Bradshaw,1
Citro,1
Dalcin,1
Seljebotn,1
both,1
worlds,1
Louppe,1
Mueller,1
Niculae,1
Experiences,1
project,1
ECML,1
PKDD,1
Languages,1
Free,1
System,1
Recom,1
mender,1
Movielens,1
Datasets,1
History,1
Context,1
Transactions,1
Interactive,1
Intelligent,1
TIIS,1
Y,1
Matrix,1
techniques,1
Computer,1
Metadata,1
Embeddings,1
User,1
Item,1
Cold,1
start,1
Recommendations,1
T,1
Bogers,1
Koolen,1
nd,1
Trends,1
Content,1
Based,1
co,1
located,1
Rec,1
ommender,1
Vienna,1
Austria,1
September,1
workshop,1
proceedings,1
WS,1
Retrieved,1
http,1
ceur,1
ws,1
paper,1
pdf,1
maciejkula,1
spotlight,1
GitHub,1
H,1
non,1
negative,1
Advances,1
Neural,1
Information,1
Processing,1
W,1
Structures,1
Statistical,1
Millman,1
Majora,1
bf,1
Gramfort,1
Michel,1
Thirion,1
B,1
Scikit,1
Research,1
array,1
structure,1
efficient,1
computation,1
E,1
Modular,1
Framework,1
Extensible,1
Adaptable,1
Recommendation,1
Eleventh,1
Web,1
Search,1
WSDM,1
NY,1
USA,1
Association,1
Machinery,1
